Tamano de entrada (n),Busqueda Binaria Experimental (ns),MergeSort Experimental (ns),Busqueda Binaria Teorico (log2_n),MergeSort Teorico(n_log2_n)
1000,231.398,250722,9.96578,9965.78
2000,184.287,466486,10.9658,21931.6
4000,170.257,809500,11.9658,47863.1
8000,157.394,1.52264e+06,12.9658,103726
16000,149.424,2.93942e+06,13.9658,223453
32000,144.743,5.92562e+06,14.9658,478905
64000,148.352,1.23058e+07,15.9658,1.02181e+06
128000,183.768,2.82704e+07,16.9658,2.17162e+06
256000,182.539,5.89492e+07,17.9658,4.59924e+06
512000,192.123,1.18686e+08,18.9658,9.71048e+06
1000000,193.53,2.51224e+08,19.9316,1.99316e+07
